Software Name,User Type,Avg User Turnover (in INR crores),User State,Invoice generation,E invoice generation,Delivery challan Generation,E way bill generation,LR generation,Multi user compatibility,Multi tenant usability,Tasks management,Customization,Vehicle allocation,Customer management,User satisfied
Zoho Invoice Management,All,375,Uttar Pradesh,Y,Y,Y,Y,N,Y,Y,N,Y,N,Y,N
Tally Solutions Inventory Management Software,All,750,Karnataka,Y,Y,Y,Y,N,Y,Y,N,Y,Y,N,N
Marg ERP Stock Management,Large,562,Gujarat,N,N,N,Y,N,Y,Y,N,Y,Y,N,N
WebXpress Transport Management Software,Large,937,Uttar Pradesh,N,N,Y,Y,Y,Y,Y,N,Y,Y,N,N
Practo Healthcare Software,Large,1875,Uttar Pradesh,Y,N,N,Y,N,Y,Y,N,Y,Y,Y,N
Salesforce CRM,Large,3750,Tamil Nadu,N,N,N,Y,N,Y,Y,Y,Y,N,Y,Y
SAP Retail ERP Software,Large,1125,Delhi,Y,N,Y,Y,N,Y,Y,N,Y,N,Y,Y
Asana Activity Planning Software,All,187,Kerala,N,N,N,Y,N,Y,Y,Y,Y,N,Y,N
Microsoft Project Project Management Software,All,750,Delhi,Y,Y,N,Y,N,Y,Y,Y,Y,N,Y,N
QuickBooks Invoice Management,All,375,Uttar Pradesh,Y,Y,Y,Y,N,Y,Y,N,Y,N,Y,N
TradeGecko Inventory Management Software,All,750,Karnataka,Y,Y,Y,Y,N,Y,Y,N,Y,Y,N,N
Inflow Inventory Stock Management,Large,562,Gujarat,N,N,N,Y,N,Y,Y,N,Y,Y,N,N
TruckSuvidha Transport Management Software,Large,937,Uttar Pradesh,N,N,Y,Y,Y,Y,Y,N,Y,Y,N,N
CureMD Healthcare Software,Large,1875,Uttar Pradesh,Y,N,N,Y,N,Y,Y,N,Y,Y,Y,N
Zoho CRM,Large,3750,Tamil Nadu,N,N,N,Y,N,Y,Y,Y,Y,N,Y,Y
Oracle NetSuite Retail ERP Software,Large,1125,Delhi,Y,N,Y,Y,N,Y,Y,N,Y,N,Y,Y
Trello Activity Planning Software,All,187,Kerala,N,N,N,Y,N,Y,Y,Y,Y,N,Y,N
Wrike Project Management Software,All,750,Delhi,Y,Y,N,Y,N,Y,Y,Y,Y,N,Y,N
FreshBooks Invoice Management,All,375,Uttar Pradesh,Y,Y,Y,Y,N,Y,Y,N,Y,N,Y,N
Cin7 Inventory Management Software,All,750,Karnataka,Y,Y,Y,Y,N,Y,Y,N,Y,Y,N,N
GoodsOrder Inventory Stock Management,Large,562,Gujarat,N,N,N,Y,N,Y,Y,N,Y,Y,N,N
Fretron Transport Management Software,Large,937,Uttar Pradesh,N,N,Y,Y,Y,Y,Y,N,Y,Y,N,N
Meditech Healthcare Software,Large,1875,Uttar Pradesh,Y,N,N,Y,N,Y,Y,N,Y,Y,Y,N
HubSpot CRM,Large,3750,Tamil Nadu,N,N,N,Y,N,Y,Y,Y,Y,N,Y,Y
Infor Retail ERP Software,Large,1125,Delhi,Y,N,Y,Y,N,Y,Y,N,Y,N,Y,Y
Monday.com Activity Planning Software,All,187,Kerala,N,N,N,Y,N,Y,Y,Y,Y,N,Y,N
Smartsheet Project Management Software,All,750,Delhi,Y,Y,N,Y,N,Y,Y,Y,Y,N,Y,N
Xero Invoice Management,All,375,Uttar Pradesh,Y,Y,Y,Y,N,Y,Y,N,Y,N,Y,N
Unleashed Inventory Management Software,All,750,Karnataka,Y,Y,Y,Y,N,Y,Y,N,Y,Y,N,N
EZOfficeInventory Stock Management,Large,562,Gujarat,N,N,N,Y,N,Y,Y,N,Y,Y,N,N
LogiNext Transport Management Software,Large,937,Uttar Pradesh,N,N,Y,Y,Y,Y,Y,N,Y,Y,N,N
eClinicalWorks Healthcare Software,Large,1875,Uttar Pradesh,Y,N,N,Y,N,Y,Y,N,Y,Y,Y,N
Pipedrive CRM,Large,3750,Tamil Nadu,N,N,N,Y,N,Y,Y,Y,Y,N,Y,Y
Epicor Retail ERP Software,Large,1125,Delhi,Y,N,Y,Y,N,Y,Y,N,Y,N,Y,Y
ClickUp Activity Planning Software,All,187,Kerala,N,N,N,Y,N,Y,Y,Y,Y,N,Y,N
Basecamp Project Management Software,All,750,Delhi,Y,Y,N,Y,N,Y,Y,Y,Y,N,Y,N
Wave Invoice Management,All,375,Uttar Pradesh,Y,Y,Y,Y,N,Y,Y,N,Y,N,Y,N
Fishbowl Inventory Management Software,All,750,Karnataka,Y,Y,Y,Y,N,Y,Y,N,Y,Y,N,N
Veeqo Stock Management,Large,562,Gujarat,N,N,N,Y,N,Y,Y,N,Y,Y,N,N
BlackBuck Transport Management Software,Large,937,Uttar Pradesh,N,N,Y,Y,Y,Y,Y,N,Y,Y,N,N
Athenahealth Healthcare Software,Large,1875,Uttar Pradesh,Y,N,N,Y,N,Y,Y,N,Y,Y,Y,N
Freshsales CRM,Large,3750,Tamil Nadu,N,N,N,Y,N,Y,Y,Y,Y,N,Y,Y
Microsoft Dynamics Retail ERP Software,Large,1125,Delhi,Y,N,Y,Y,N,Y,Y,N,Y,N,Y,Y
Workfront Activity Planning Software,All,187,Kerala,N,N,N,Y,N,Y,Y,Y,Y,N,Y,N
Jira Project Management Software,All,750,Delhi,Y,Y,N,Y,N,Y,Y,Y,Y,N,Y,N
Khatabook Invoice Management,All,375,Uttar Pradesh,Y,Y,Y,Y,N,Y,Y,N,Y,N,Y,N
Zoho Inventory Inventory Management Software,All,750,Karnataka,Y,Y,Y,Y,N,Y,Y,N,Y,Y,N,N
RetailGraph Stock Management,Large,562,Gujarat,N,N,N,Y,N,Y,Y,N,Y,Y,N,N
Fleetx Transport Management Software,Large,937,Uttar Pradesh,N,N,Y,Y,Y,Y,Y,N,Y,Y,N,N
Cerner Healthcare Software,Large,1875,Uttar Pradesh,Y,N,N,Y,N,Y,Y,N,Y,Y,Y,N
Insightly CRM,Large,3750,Tamil Nadu,N,N,N,Y,N,Y,Y,Y,Y,N,Y,Y
SYSPRO Retail ERP Software,Large,1125,Delhi,Y,N,Y,Y,N,Y,Y,N,Y,N,Y,Y
Teamwork Activity Planning Software,All,187,Kerala,N,N,N,Y,N,Y,Y,Y,Y,N,Y,N
TeamGantt Project Management Software,All,750,Delhi,Y,Y,N,Y,N,Y,Y,Y,Y,N,Y,N
Vyapar Invoice Management,All,375,Uttar Pradesh,Y,Y,Y,Y,N,Y,Y,N,Y,N,Y,N
Orderhive Inventory Management Software,All,750,Karnataka,Y,Y,Y,Y,N,Y,Y,N,Y,Y,N,N
TradeEdge Stock Management,Large,562,Gujarat,N,N,N,Y,N,Y,Y,N,Y,Y,N,N
TrakIT Transport Management Software,Large,937,Uttar Pradesh,N,N,Y,Y,Y,Y,Y,N,Y,Y,N,N
Allscripts Healthcare Software,Large,1875,Uttar Pradesh,Y,N,N,Y,N,Y,Y,N,Y,Y,Y,N
Bitrix24 CRM,Large,3750,Tamil Nadu,N,N,N,Y,N,Y,Y,Y,Y,N,Y,Y
Acumatica Retail ERP Software,Large,1125,Delhi,Y,N,Y,Y,N,Y,Y,N,Y,N,Y,Y
Wrike Activity Planning Software,All,187,Kerala,N,N,N,Y,N,Y,Y,Y,Y,N,Y,N
Airtable Project Management Software,All,750,Delhi,Y,Y,N,Y,N,Y,Y,Y,Y,N,Y,N
Refrens Invoice Management,All,375,Uttar Pradesh,Y,Y,Y,Y,N,Y,Y,N,Y,N,Y,N
SAP Business One Inventory Management Software,All,750,Karnataka,Y,Y,Y,Y,N,Y,Y,N,Y,Y,N,N
Zebra Technologies Stock Management,Large,562,Gujarat,N,N,N,Y,N,Y,Y,N,Y,Y,N,N
FarEye Transport Management Software,Large,937,Uttar Pradesh,N,N,Y,Y,Y,Y,Y,N,Y,Y,N,N
AdvancedMD Healthcare Software,Large,1875,Uttar Pradesh,Y,N,N,Y,N,Y,Y,N,Y,Y,Y,N
SugarCRM CRM,Large,3750,Tamil Nadu,N,N,N,Y,N,Y,Y,Y,Y,N,Y,Y
Workday Retail ERP Software,Large,1125,Delhi,Y,N,Y,Y,N,Y,Y,N,Y,N,Y,Y
Notion Activity Planning Software,All,187,Kerala,N,N,N,Y,N,Y,Y,Y,Y,N,Y,N
Procore Project Management Software,All,750,Delhi,Y,Y,N,Y,N,Y,Y,Y,Y,N,Y,N
Invoicera Invoice Management,All,375,Uttar Pradesh,Y,Y,Y,Y,N,Y,Y,N,Y,N,Y,N
Zoho Books Inventory Management Software,All,750,Karnataka,Y,Y,Y,Y,N,Y,Y,N,Y,Y,N,N
Netstock Stock Management,Large,562,Gujarat,N,N,N,Y,N,Y,Y,N,Y,Y,N,N
LogiNext Mile Transport Management Software,Large,937,Uttar Pradesh,N,N,Y,Y,Y,Y,Y,N,Y,Y,N,N
CareCloud Healthcare Software,Large,1875,Uttar Pradesh,Y,N,N,Y,N,Y,Y,N,Y,Y,Y,N
Nimble CRM,Large,3750,Tamil Nadu,N,N,N,Y,N,Y,Y,Y,Y,N,Y,Y
Blue Yonder Retail ERP Software,Large,1125,Delhi,Y,N,Y,Y,N,Y,Y,N,Y,N,Y,Y
Hive Activity Planning Software,All,187,Kerala,N,N,N,Y,N,Y,Y,Y,Y,N,Y,N
Planview Project Management Software,All,750,Delhi,Y,Y,N,Y,N,Y,Y,Y,Y,N,Y,N
